age,race,relativeBC,biopsy,density,risk_5Y,risk_10Y,risk_5Y_average,risk_10Y_average
35,1,0,2,1,0.08,0.22263014035101436,0.3148484523,0.8880099694
40,2,1,3,2,1.05,2.513676540413904,0.5939818912,1.4253720617
45,3,0,4,3,0.92,2.0542085310832072,0.7379356574,1.6497655061
